Company,Title,Category,Url
Stratx,Business Analysis Internship,Speculative Internships,https://www.linkedin.com/jobs/view/4340046721?utm_source=Trackr&utm_medium=tracker&utm_campaign=UK_Finance_2026
Retail Insights,Management Consulting Internship,Speculative Internships,https://job-boards.greenhouse.io/retailinsights/jobs/5924773003?utm_source=Trackr&utm_medium=tracker&utm_campaign=UK_Finance_2026&gh_src=Trackr
Susquehanna International Group,Discovery Programme 2026,Trading and Quant,https://careers.sig.com/search-results?keywords=discovery+program&location=Dublin%2C+Ireland&utm_source=Trackr&utm_medium=tracker&utm_campaign=UK_Finance_2026
Dare,Spring Insight Week 2026,Trading and Quant,https://careers.dare.global/jobs/6650888-spring-insight-week-2026?utm_source=Trackr&utm_medium=tracker&utm_campaign=UK_Finance_2026
Scotiabank,2026 Business Risk Management Summer Internship,Middle Market,https://jobs.scotiabank.com/job/London-%28UK%29-2026-UK-Business-Risk-Management-Summer-Internship-ENG/597613617/?utm_source=Trackr&utm_medium=tracker&utm_campaign=UK_Finance_2026
RBC Capital Markets,2025 STEM into Spring,Middle Market,https://rbccmgraduates.gtisolutions.co.uk/stem-into-spring/370/viewdetails?utm_source=Trackr&utm_medium=tracker&utm_campaign=UK_Finance_2026
Caledonia Investments,2026 Summer Internship,Asset Management,https://apptrkr.io/caledonia-investments/caledonia-investments-2026-summer-internship/caledonia-summer-internship-2026?utm_source=Trackr&utm_medium=tracker&utm_campaign=UK_Finance_2026
WeChat Pay,Business Development Intern (Chinese speaking),Speculative Internships,https://www.linkedin.com/jobs/view/4320664209?utm_source=Trackr&utm_medium=tracker&utm_campaign=UK_Finance_2026
UBS,2026 Tomorrow's Talent & Spring Insight Program,Bulge Bracket,https://jobs.ubs.com/TGnewUI/Search/home/HomeWithPreLoad?utm_source=Trackr&utm_medium=tracker&utm_campaign=UK_Finance_2026&partnerid=25008&siteid=5131&PageType=JobDetails&jobid=335457
Deutsche Bank,Spring Into Banking Programme 2026,Bulge Bracket,https://careers.db.com/students-graduates/Search-Programmes/?utm_source=Trackr&utm_medium=tracker&utm_campaign=UK_Finance_2026#/graduate/results/?program=21
Scotiabank,IE Women In Finance Development Programme,Middle Market,https://jobs.scotiabank.com/job/Dublin-2026-Ireland-UpLIFTED-Women-In-Finance-Development-Programme-D/596714517/?utm_source=Trackr&utm_medium=tracker&utm_campaign=UK_Finance_2026
Lazard,2026 Spring Insight Programme,Elite Boutique,https://lazard-careers.tal.net/vx/lang-en-GB/mobile-0/appcentre-1/brand-4/xf-e6e751b78bb6/candidate/so/pm/1/pl/2/opp/3727-2026-London-Financial-Advisory-Spring-Insight-Programme/en-GB?utm_source=Trackr&utm_medium=tracker&utm_campaign=UK_Finance_2026
BlackRock,2026 Spring Insight Event - EMEA,Asset Management,https://blackrock.tal.net/vx/lang-en-GB/mobile-0/brand-3/user-1735377/xf-6a8790cf84a5/candidate/so/pm/1/pl/1/opp/9616-2026-Spring-Insight-Event-EMEA/en-GB?utm_source=Trackr&utm_medium=tracker&utm_campaign=UK_Finance_2026
General Intelligence Capital,Origination Intern,Speculative Internships,https://www.linkedin.com/jobs/view/4332826969?utm_source=Trackr&utm_medium=tracker&utm_campaign=UK_Finance_2026
Deloitte,Spring Into Deloitte,Big 4,https://apply.deloitte.co.uk/UKEarlyCareers/SearchJobs/?utm_source=Trackr&utm_medium=tracker&utm_campaign=UK_Finance_2026&4934=2772658&4934_format=4380&listFilterMode=1&jobRecordsPerPage=20
Blackstone,2026 Spring Insight Program,Asset Management,https://blackstone.wd1.myworkdayjobs.com/en-US/Blackstone_Campus_Careers/job/London/XMLNAME-2026-Blackstone-EMEA-Spring-Insight-Program_39346?utm_source=Trackr&utm_medium=tracker&utm_campaign=UK_Finance_2026&source=Trackr
J.P. Morgan,2026 Spring Into JPMorganChase,Bulge Bracket,https://jpmc.fa.oraclecloud.com/hcmUI/CandidateExperience/en/sites/CX_1001/jobs?utm_source=Trackr&utm_medium=tracker&utm_campaign=UK_Finance_2026&iis=Trackr&sType=Trackr&keyword=%22spring+into%22&location=United+Kingdom&locationId=300000000289276&locationLevel=country&mode=location
Point72,2026 Point72 Academy Spring Insight Programme,Asset Management,https://job-boards.greenhouse.io/point72/jobs/8172206002?gh_jid=8172206002&utm_source=Trackr&utm_medium=tracker&utm_campaign=UK_Finance_2026&gh_src=Trackr
KR8 Advisory,Intern,Speculative Internships,https://careers.k3capitalgroup.com/jobs/6589427-intern?utm_source=Trackr&utm_medium=tracker&utm_campaign=UK_Finance_2026
National Bank,Intern,Speculative Internships,https://www.linkedin.com/jobs/view/4339150750?utm_source=Trackr&utm_medium=tracker&utm_campaign=UK_Finance_2026
Evercore,Advisory Spring Week (2026),Elite Boutique,https://jobs.smartrecruiters.com/ni/Wiser/912c94d6-7681-4601-990b-9f69c516a5a7-spring-week-2027-evercore?utm_source=Trackr&utm_medium=tracker&utm_campaign=UK_Finance_2026&trid=Trackr&dcr_ci=Trackr
Coinbase,Internal Audit Intern,Speculative Internships,https://www.linkedin.com/jobs/view/4331311623?utm_source=Trackr&utm_medium=tracker&utm_campaign=UK_Finance_2026
Bright Smile Innovation Partners,INTERNSHIP M&A (USA/CANADA ONLY),Speculative Internships,https://www.linkedin.com/jobs/view/4341958743?utm_source=Trackr&utm_medium=tracker&utm_campaign=UK_Finance_2026
Jefferies,2026 Spring Week Programme,Middle Market,https://jefferies.tal.net/vx/lang-en-GB/mobile-0/appcentre-ext/brand-4/xf-ec3896fc664b/candidate/jobboard/vacancy/2/adv/?utm_source=Trackr&utm_medium=tracker&utm_campaign=UK_Finance_2026&f_Item_Opportunity_60426_lk=523756
Citadel,Discover Citadel,Asset Management,https://www.citadel.com/careers/programs-and-events/discover-citadel/emea-apply/?utm_source=Trackr&utm_medium=tracker&utm_campaign=UK_Finance_2026
Ethical Capital Partners,Investment Intern,Speculative Internships,https://www.ethicalcapitalpartners.com/careers?utm_source=Trackr&utm_medium=tracker&utm_campaign=UK_Finance_2026
Optiver,FutureFocus: Quants 2026,Trading and Quant,https://default.optiver.reallinks.app/public/job/MzgxMjM0MGMxNTIzMTIyMTI2YWQ1MDU2NWQwZGQxZDQ1M2FlNjZlNGQ5OGU4ODU1?eventId=MDFhOWI1OGEtY2UxYy00NmU2LTg0NjUtNjk3NDhhM2UyM2Zl&image=ZTM2ZTBkMDctYjY5NC00N2FlLWFiZGYtZDcxZGMwYzBkOGZj
Tencent,Business Development Intern,Speculative Internships,https://tencent.wd1.myworkdayjobs.com/en-US/Tencent_Careers/job/Business-Development-Intern_R106101?utm_source=Trackr&utm_medium=tracker&utm_campaign=UK_Finance_2026&source=Trackr
Allia C&C,Advisory and Funding Team Internship,Speculative Internships,https://www.linkedin.com/jobs/view/4333265422?utm_source=Trackr&utm_medium=tracker&utm_campaign=UK_Finance_2026
P&G,P&G Insight Week - North,Miscellaneous,https://pg.wd5.myworkdayjobs.com/1000/job/Harrogate/P-G-Insight-Week-2026---North_R000140755?source=RS_CVLV
Blackstone,2026 Future Leaders Program,Asset Management,https://blackstone.wd1.myworkdayjobs.com/en-US/Blackstone_Campus_Careers/job/XMLNAME-2026-Blackstone-EMEA-Future-Leaders-Program_39444?utm_source=Trackr&utm_medium=tracker&utm_campaign=UK_Finance_2026&source=Trackr
Rothschild & Co.,2026 Spring Insight Programme,Elite Boutique,https://rothschildandco.tal.net/vx/lang-en-GB/mobile-0/appcentre-ext/brand-4/xf-65ba0ca5acdb/candidate/jobboard/vacancy/2/adv/?utm_source=Trackr&utm_medium=tracker&utm_campaign=UK_Finance_2026&f_Item_Opportunity_78763_lk=523763&f_Item_Opportunity_60426_lk=523766
Cobb Harbour Investment,Quantitative Research Intern,Speculative Internships,https://www.linkedin.com/jobs/view/4336829641/?utm_source=Trackr&utm_medium=tracker&utm_campaign=UK_Finance_2026
Citi,"2026, Spring Insight, 1st Year Programme",Bulge Bracket,https://citi.wd5.myworkdayjobs.com/en-US/2/jobs?q=%22spring+insight%22&workerSubType=e32326e1708d0198ff5d26724901a2dd&locations=6669335a15de01f2d0dea42161002b86&utm_source=Trackr&utm_medium=tracker&utm_campaign=UK_Finance_2026&source=Trackr
EY,Discover EY,Big 4,https://ukstudents.ey.com/?jobs=%26program%5B%5D%3D73&paged=1&utm_source=Trackr&utm_medium=tracker&utm_campaign=UK_Finance_2026
Santander,Spring Insight Programme 2026,Middle Market,https://santandercib.clevry.com/public-job-description/5335?utm_source=Trackr&utm_medium=tracker&utm_campaign=UK_Finance_2026
Jane Street,FOCUS / FTTP,Trading and Quant,https://www.janestreet.com/join-jane-street/programs-and-events/?utm_source=Trackr&utm_medium=tracker&utm_campaign=UK_Finance_2026&location=europe&program-type=university%2Caccepting-applications&event-type=all-events&show-programs=true&show-events=true
GSA Capital,Women in Trading Insight Programme,Trading and Quant,https://boards.greenhouse.io/embed/job_app?for=gsacapital&token=8199077002&utm_source=Trackr&utm_medium=tracker&utm_campaign=UK_Finance_2026&gh_src=Trackr
Bank of America,Spring Insight Program 2026,Bulge Bracket,https://bankcampuscareers.tal.net/vx/lang-en-GB/mobile-0/brand-4/xf-8dc23978ceff/candidate/jobboard/vacancy/1/adv/?utm_source=Trackr&utm_medium=tracker&utm_campaign=UK_Finance_2026&f_Item_Opportunity_17838_lk=1822&f_Item_Opportunity_60426_lk=520147
Perella Weinberg Partners,2026 Advisory Prep Programme,Elite Boutique,https://pwpcareers.tal.net/vx/lang-en-GB/mobile-0/appcentre-pwpext/brand-4/user-131851/xf-7e499de7a3b8/wid-1/candidate/jobboard/vacancy/1/adv/?utm_source=Trackr&utm_medium=tracker&utm_campaign=UK_Finance_2026&f_Item_Opportunity_17838_lk=1822
Augusta & Co,Investment Banking Analyst Interns,Speculative Internships,https://augustaco.com/app/uploads/2025/11/Augusta-Co-Internship.pdf?utm_source=Trackr&utm_medium=tracker&utm_campaign=UK_Finance_2026
Singer Capital Markets,Internships / Work Experience,Speculative Internships,https://www.singercm.com/careers/?utm_source=Trackr&utm_medium=tracker&utm_campaign=UK_Finance_2026
First Wealth,Summer Internship 2026,Asset Management,https://app.the-trackr.com/programme/exclusive/first-wealth-summer-internship?utm_source=Trackr&utm_medium=tracker&utm_campaign=UK_Finance_2026
Principal Asset Management,Intern,Asset Management,https://www.linkedin.com/jobs/view/4300313256/?utm_source=Trackr&utm_medium=tracker&utm_campaign=UK_Finance_2026
Scotiabank,UK Women in Finance Development Programme,Middle Market,https://jobs.scotiabank.com/job/London-(UK)-2026-UK-UpLIFTED-Women-In-Finance-Development-Programme-ENG/596714417/?utm_source=Trackr&utm_medium=tracker&utm_campaign=UK_Finance_2026
Houlihan Lokey,2026 Spring Insight Week - Corporate Finance,Middle Market,https://hl.wd1.myworkdayjobs.com/en-US/Campus/job/London-UK/XMLNAME-2026-Spring-Insight-Week---Corporate-Finance_R2755?utm_source=Trackr&utm_medium=tracker&utm_campaign=UK_Finance_2026&source=Trackr
Marriott International,Finance Intern,Speculative Internships,https://ejwl.fa.us2.oraclecloud.com/hcmUI/CandidateExperience/en/sites/CX/job/25122850?utm_source=Trackr&utm_medium=tracker&utm_campaign=UK_Finance_2026&iis=Trackr&sType=Trackr
AAB Group,2026 Internship Opportunities,Speculative Internships,https://aab.my.salesforce-sites.com/recruit/fRecruit__ApplyJob?vacancyNo=VN858&utm_source=Trackr&utm_medium=tracker&utm_campaign=UK_Finance_2026
D.E. Shaw,London Insight Programme 2026,Sponsors,https://apply.deshaw.com/programs/Ads/LIP26/LondonInsightProgramApril2026?utm_source=Trackr&utm_medium=tracker&utm_campaign=UK_Finance_2026
Cr√©dit Agricole,Summer Internship Programme 2026,Middle Market,https://jobs.ca-cib.com/job/list-of-jobs.aspx?LCID=2057&utm_source=Trackr&utm_medium=tracker&utm_campaign=UK_Finance_2026
Private Equity Insights,Global Internship Program,Miscellaneous,https://job-boards.greenhouse.io/privateequityinsights?keyword=%22global+internship+program%22&utm_source=Trackr&utm_medium=tracker&utm_campaign=UK_Finance_2026&gh_src=Trackr
Bluebox Corporate Finance,Corporate Finance Internship,Speculative Internships,https://www.blueboxcfg.com/career/corporate-finance-internship/?utm_source=Trackr&utm_medium=tracker&utm_campaign=UK_Finance_2026
Nomura,Women's Immersion Programme,Middle Market,https://nomuracampus.tal.net/vx/lang-en-GB/mobile-0/appcentre-1/brand-4/user-598163/xf-5eab17dcb829/candidate/so/pm/1/pl/1/opp/1270-2026-Women-s-Immersion-Programme-Global-Markets-Investment-Banking-London/en-GB?utm_source=Trackr&utm_medium=tracker&utm_campaign=UK_Finance_2026
Leo-Crown Estates,Intern - Dubai Real Estate,Speculative Internships,https://www.linkedin.com/jobs/view/4341815418?utm_source=Trackr&utm_medium=tracker&utm_campaign=UK_Finance_2026
Skagen Capital,Investment banking intern,Speculative Internships,https://www.linkedin.com/jobs/view/4333089489?utm_source=Trackr&utm_medium=tracker&utm_campaign=UK_Finance_2026
Syntagma Labs,Quantitative Researcher - Crypto & Blockchain - Part-Time Internship,Speculative Internships,https://www.linkedin.com/jobs/view/4335972767?utm_source=Trackr&utm_medium=tracker&utm_campaign=UK_Finance_2026
Future Planet Capital,Venture Capital Micro-Internship,Asset Management,https://forms.office.com/pages/responsepage.aspx?utm_source=Trackr&utm_medium=tracker&utm_campaign=UK_Finance_2026&id=wVsTnFuMOke0zjQMrZqPizdjYq_vbDxFicXrS9K0za9UN1BHVzNGQUdSSUlEMkNEMjRBWjNJQkExNS4u&route=shorturl
White Fire Technologies,"Business Development Intern (Part-Time, 3 Months)",Speculative Internships,https://www.linkedin.com/jobs/view/4298385210/?utm_source=Trackr&utm_medium=tracker&utm_campaign=UK_Finance_2026
APR Actuarial Solutions,APR Actuarial Insight Programme,Pensions and Insurance,https://aprllp.com/actuarial-insight-programme/?utm_source=Trackr&utm_medium=tracker&utm_campaign=UK_Finance_2026
JINGDONG,Investment and M&A Intern,Speculative Internships,https://jd.wd103.myworkdayjobs.com/Campus_Career_Site/job/London/Investment-and-M-A-Intern_JR100289?utm_source=Trackr&utm_medium=tracker&utm_campaign=UK_Finance_2026&source=Trackr
CFO Insights,Management Consulting Internship,Speculative Internships,https://job-boards.greenhouse.io/cfoinsights/jobs/5924761003?utm_source=Trackr&utm_medium=tracker&utm_campaign=UK_Finance_2026&gh_src=Trackr
G-Research,Spring into Quant Finance 2026,Trading and Quant,https://share-eu1.hsforms.com/1Dl_5Hb5dRaGAQzqP7irEVg2b8apt?utm_source=Trackr&utm_medium=tracker&utm_campaign=UK_Finance_2026
PwC,"Women/Black Talent in Business, 2026",Big 4,https://jobs.pwc.co.uk/earlycareers/uk/en/search-results?keywords=in+business&utm_source=Trackr&utm_medium=tracker&utm_campaign=UK_Finance_2026
Macquarie Group,2026 Spring Insight Programme,Middle Market,https://recruitment.macquarie.com/en_US/careers/JobDetail?jobId=18463&utm_source=Trackr&utm_medium=tracker&utm_campaign=UK_Finance_2026
Wells Fargo,CIB Spring Week 2025/26 (Register Interest),Middle Market,https://www.wellsfargojobs.com/en/early-careers/international-programs/emea-early-talent-programs/emea-spring-week/?utm_source=Trackr&utm_medium=tracker&utm_campaign=UK_Finance_2026
PA Consulting,2026 PA Futures - Women in Consulting,Consulting,https://careers.smartrecruiters.com/PAConsulting/early-careers?search=%222026+pa+futures%22&utm_source=Trackr&utm_medium=tracker&utm_campaign=UK_Finance_2026&trid=Trackr&dcr_ci=Trackr
HSBC,2026 Spring Insight Programme,Middle Market,https://hsbcearlycareers.groupgti.com/corporate-and-institutional-bankingspring-insight-programmelondon/417/viewdetails?utm_source=Trackr&utm_medium=tracker&utm_campaign=UK_Finance_2026
BNP Paribas,2026 Spring Insight Programme,Middle Market,https://group.bnpparibas/en/careers/all-job-offers/london?q=%22spring+insight%22&utm_source=Trackr&utm_medium=tracker&utm_campaign=UK_Finance_2026
Virtu Financial,Women's Winternship,Trading and Quant,https://job-boards.greenhouse.io/virtu/jobs/8066276002?utm_source=Trackr&utm_medium=tracker&utm_campaign=UK_Finance_2026&gh_src=Trackr
Cabot Properties,Investments/Asset Management Intern,Speculative Internships,https://www.cabotprop.com/open-positions/?gh_jid=5914368003&utm_source=Trackr&utm_medium=tracker&utm_campaign=UK_Finance_2026&gh_src=Trackr
